IMIĘ_PIERWSZE,PŁEĆ,LICZBA_WYSTĄPIEŃ
ZUZANNA,KOBIETA,6562
ZOFIA,KOBIETA,6325
HANNA,KOBIETA,6065
JULIA,KOBIETA,5954
MAJA,KOBIETA,5585
LAURA,KOBIETA,5569
OLIWIA,KOBIETA,4770
ALICJA,KOBIETA,4767
LENA,KOBIETA,4599
POLA,KOBIETA,4483
MARIA,KOBIETA,4206
EMILIA,KOBIETA,3570
ANTONINA,KOBIETA,3478
AMELIA,KOBIETA,3425
IGA,KOBIETA,3215
MARCELINA,KOBIETA,3195
WIKTORIA,KOBIETA,3147
MICHALINA,KOBIETA,2921
LILIANA,KOBIETA,2887
ALEKSANDRA,KOBIETA,2846
HELENA,KOBIETA,2687
KLARA,KOBIETA,2555
GABRIELA,KOBIETA,2331
BLANKA,KOBIETA,2260
NADIA,KOBIETA,2232
NATALIA,KOBIETA,2228
ANNA,KOBIETA,2147
KORNELIA,KOBIETA,2081
ŁUCJA,KOBIETA,1887
JAGODA,KOBIETA,1738
NELA,KOBIETA,1721
MILENA,KOBIETA,1535
LILIANNA,KOBIETA,1479
ANASTAZJA,KOBIETA,1421
KAJA,KOBIETA,1411
NINA,KOBIETA,1344
NIKOLA,KOBIETA,1255
WERONIKA,KOBIETA,1219
BARBARA,KOBIETA,1166
MIA,KOBIETA,1145
RÓŻA,KOBIETA,1079
ANIELA,KOBIETA,1078
MARTYNA,KOBIETA,1077
MATYLDA,KOBIETA,1061
ROZALIA,KOBIETA,1031
SARA,KOBIETA,1008
KAROLINA,KOBIETA,969
AGATA,KOBIETA,950
MAGDALENA,KOBIETA,858
LIWIA,KOBIETA,851
GAJA,KOBIETA,744
ELIZA,KOBIETA,738
KINGA,KOBIETA,737
ADRIANNA,KOBIETA,716
MARIANNA,KOBIETA,685
AURELIA,KOBIETA,677
KALINA,KOBIETA,626
IZABELA,KOBIETA,612
MAŁGORZATA,KOBIETA,602
JOANNA,KOBIETA,562
LIDIA,KOBIETA,559
EWA,KOBIETA,559
BIANKA,KOBIETA,512
MELANIA,KOBIETA,505
PAULINA,KOBIETA,497
URSZULA,KOBIETA,497
ZOJA,KOBIETA,479
DOMINIKA,KOBIETA,468
WANDA,KOBIETA,456
MARTA,KOBIETA,446
MALWINA,KOBIETA,441
IDA,KOBIETA,439
APOLONIA,KOBIETA,438
KATARZYNA,KOBIETA,433
KLAUDIA,KOBIETA,386
DIANA,KOBIETA,373
PATRYCJA,KOBIETA,353
JAGNA,KOBIETA,350
OLGA,KOBIETA,333
DARIA,KOBIETA,314
NEL,KOBIETA,306
STEFANIA,KOBIETA,297
LUIZA,KOBIETA,296
DOROTA,KOBIETA,295
ELENA,KOBIETA,287
RITA,KOBIETA,283
ADA,KOBIETA,260
LARA,KOBIETA,256
KAMILA,KOBIETA,253
EMMA,KOBIETA,251
MARIKA,KOBIETA,249
LILIA,KOBIETA,247
SOFIA,KOBIETA,243
CELINA,KOBIETA,213
LEA,KOBIETA,212
OLIVIA,KOBIETA,209
JADWIGA,KOBIETA,207
ADELA,KOBIETA,197
LILA,KOBIETA,189
INGA,KOBIETA,187
SONIA,KOBIETA,182
JANINA,KOBIETA,178
ELŻBIETA,KOBIETA,170
DAGMARA,KOBIETA,169
FELICJA,KOBIETA,169
MONIKA,KOBIETA,168
TOLA,KOBIETA,167
JAŚMINA,KOBIETA,163
AGNIESZKA,KOBIETA,161
SANDRA,KOBIETA,160
ALINA,KOBIETA,158
MILA,KOBIETA,144
JUSTYNA,KOBIETA,142
MARLENA,KOBIETA,138
ROKSANA,KOBIETA,131
NOEMI,KOBIETA,118
ESTERA,KOBIETA,115
JULITA,KOBIETA,115
KARINA,KOBIETA,115
LIVIA,KOBIETA,112
VICTORIA,KOBIETA,111
GLORIA,KOBIETA,110
ANITA,KOBIETA,109
JOWITA,KOBIETA,103
JULIANNA,KOBIETA,103
JUDYTA,KOBIETA,101
KRYSTYNA,KOBIETA,99
IRENA,KOBIETA,98
MILANA,KOBIETA,93
FRANCISZKA,KOBIETA,93
FAUSTYNA,KOBIETA,92
KONSTANCJA,KOBIETA,90
VANESSA,KOBIETA,89
MAYA,KOBIETA,87
NATASZA,KOBIETA,86
EWELINA,KOBIETA,85
FLORENTYNA,KOBIETA,85
INKA,KOBIETA,84
IZABELLA,KOBIETA,82
TERESA,KOBIETA,81
MALINA,KOBIETA,80
ALISA,KOBIETA,80
ANTONIA,KOBIETA,79
OTYLIA,KOBIETA,76
SABINA,KOBIETA,74
OKTAWIA,KOBIETA,74
STELLA,KOBIETA,71
DANUTA,KOBIETA,69
LUCYNA,KOBIETA,68
KLEMENTYNA,KOBIETA,68
MIRA,KOBIETA,66
ARIANA,KOBIETA,66
JÓZEFINA,KOBIETA,66
MARIETTA,KOBIETA,63
AURORA,KOBIETA,62
AMANDA,KOBIETA,59
PAULA,KOBIETA,58
KIRA,KOBIETA,58
NICOLA,KOBIETA,58
POLINA,KOBIETA,57
SYLWIA,KOBIETA,57
ZLATA,KOBIETA,56
SOFIIA,KOBIETA,55
INES,KOBIETA,52
EVA,KOBIETA,51
LUNA,KOBIETA,49
VIKTORIA,KOBIETA,48
INEZ,KOBIETA,48
TAMARA,KOBIETA,46
LETYCJA,KOBIETA,45
DALIA,KOBIETA,45
MIRIAM,KOBIETA,44
NAOMI,KOBIETA,44
IDALIA,KOBIETA,44
ROMA,KOBIETA,43
CECYLIA,KOBIETA,43
ADRIANA,KOBIETA,43
NASTIA,KOBIETA,43
JANA,KOBIETA,42
MAGDA,KOBIETA,42
ADELINA,KOBIETA,41
OLA,KOBIETA,41
NELIA,KOBIETA,40
SOPHIA,KOBIETA,40
NICOLE,KOBIETA,40
MARINA,KOBIETA,39
WALERIA,KOBIETA,38
DOBRAWA,KOBIETA,38
ANETA,KOBIETA,38
LARYSA,KOBIETA,37
LILI,KOBIETA,37
HALINA,KOBIETA,37
HONORATA,KOBIETA,37
BEATA,KOBIETA,36
GAIA,KOBIETA,36
ZOE,KOBIETA,36
EDYTA,KOBIETA,35
SOPHIE,KOBIETA,35
JESSICA,KOBIETA,35
MELISA,KOBIETA,34
ANASTASIA,KOBIETA,33
LILLA,KOBIETA,32
VERONIKA,KOBIETA,31
ARINA,KOBIETA,30
LILLY,KOBIETA,30
LILY,KOBIETA,30
FLORA,KOBIETA,29
MARCJANNA,KOBIETA,29
EMILIIA,KOBIETA,29
ANGELINA,KOBIETA,29
BIANCA,KOBIETA,28
ZOYA,KOBIETA,28
LAILA,KOBIETA,28
NADZIEJA,KOBIETA,27
ILONA,KOBIETA,27
NIKOL,KOBIETA,27
EMILY,KOBIETA,27
NIKA,KOBIETA,27
MARCELA,KOBIETA,26
ELEONORA,KOBIETA,25
HIACYNTA,KOBIETA,25
HALSZKA,KOBIETA,25
SOFIJA,KOBIETA,25
OLIMPIA,KOBIETA,25
ANGELIKA,KOBIETA,25
MARYLA,KOBIETA,25
GABRIELLA,KOBIETA,24
ABIGAIL,KOBIETA,23
ANASTASIIA,KOBIETA,23
LEONIA,KOBIETA,23
KSENIA,KOBIETA,23
MAJKA,KOBIETA,23
BOGNA,KOBIETA,22
HANA,KOBIETA,22
SELENA,KOBIETA,22
ALEXANDRA,KOBIETA,22
MICHELLE,KOBIETA,22
VARVARA,KOBIETA,21
TATIANA,KOBIETA,21
WIOLETTA,KOBIETA,21
MARIIA,KOBIETA,21
JOLANTA,KOBIETA,21
IWONA,KOBIETA,21
VIKTORIIA,KOBIETA,21
JASMINA,KOBIETA,21
YEVA,KOBIETA,21
DANIELA,KOBIETA,20
LIA,KOBIETA,20
MELISSA,KOBIETA,20
ORIANA,KOBIETA,20
WANESSA,KOBIETA,19
ANIKA,KOBIETA,19
ALICE,KOBIETA,19
LEILA,KOBIETA,19
HANNAH,KOBIETA,19
CARMEN,KOBIETA,19
NELLA,KOBIETA,19
KATERYNA,KOBIETA,19
MIJA,KOBIETA,18
VIVIEN,KOBIETA,18
ANDŻELIKA,KOBIETA,18
LUKRECJA,KOBIETA,18
RENATA,KOBIETA,17
LAYLA,KOBIETA,17
LEYLA,KOBIETA,17
OLENA,KOBIETA,17
MIRELLA,KOBIETA,17
OLEKSANDRA,KOBIETA,17
IRMINA,KOBIETA,16
ADELAJDA,KOBIETA,16
NELL,KOBIETA,16
INA,KOBIETA,16
MARITA,KOBIETA,16
AMINA,KOBIETA,15
CHARLOTTE,KOBIETA,15
BERENIKA,KOBIETA,15
STANISŁAWA,KOBIETA,15
ELIZABETH,KOBIETA,15
ARIA,KOBIETA,14
ELIANA,KOBIETA,14
KAYA,KOBIETA,14
SAMANTA,KOBIETA,14
VALERIA,KOBIETA,14
BOGUMIŁA,KOBIETA,14
CHLOE,KOBIETA,13
FLORENCJA,KOBIETA,13
ARIANNA,KOBIETA,13
WALENTYNA,KOBIETA,13
MATILDA,KOBIETA,13
ZUZA,KOBIETA,13
ARIADNA,KOBIETA,13
LEOKADIA,KOBIETA,13
BOŻENA,KOBIETA,13
GRETA,KOBIETA,13
ZOSIA,KOBIETA,13
NASTAZJA,KOBIETA,12
LISA,KOBIETA,12
JULIANA,KOBIETA,12
ISABELLA,KOBIETA,12
ARLETA,KOBIETA,12
DOBROSŁAWA,KOBIETA,12
NELLY,KOBIETA,12
CATALEYA,KOBIETA,12
ELWIRA,KOBIETA,12
DOBROMIŁA,KOBIETA,12
CLARA,KOBIETA,12
EVELINA,KOBIETA,11
MARZENA,KOBIETA,11
BELLA,KOBIETA,11
ALENA,KOBIETA,11
ELINA,KOBIETA,11
DAJANA,KOBIETA,11
VERA,KOBIETA,11
OLIVIIA,KOBIETA,11
AISHA,KOBIETA,11
ANA,KOBIETA,11
IZA,KOBIETA,11
AYLA,KOBIETA,11
SOLOMIIA,KOBIETA,11
TOSIA,KOBIETA,10
VIVIENNE,KOBIETA,10
MIROSŁAWA,KOBIETA,10
CELESTYNA,KOBIETA,10
MIYA,KOBIETA,10
AYA,KOBIETA,10
ERIKA,KOBIETA,10
KATIA,KOBIETA,10
LUDMIŁA,KOBIETA,10
SARAH,KOBIETA,10
TINA,KOBIETA,9
KIARA,KOBIETA,9
BRYGIDA,KOBIETA,9
FREYA,KOBIETA,9
ROSE,KOBIETA,9
LINDA,KOBIETA,9
ILIANA,KOBIETA,9
REGINA,KOBIETA,9
ELLA,KOBIETA,9
VALENTINA,KOBIETA,9
JASMINE,KOBIETA,9
EMANUELA,KOBIETA,9
BALBINA,KOBIETA,8
ELISA,KOBIETA,8
CARLA,KOBIETA,8
JASMIN,KOBIETA,8
AMIRA,KOBIETA,8
LARISSA,KOBIETA,8
MIŁOSŁAWA,KOBIETA,8
MIROSLAVA,KOBIETA,8
YELYZAVETA,KOBIETA,8
SAMIRA,KOBIETA,8
GIULIA,KOBIETA,8
ALIA,KOBIETA,8
ANATOLIA,KOBIETA,8
BLANCA,KOBIETA,8
DARYNA,KOBIETA,8
ASTRID,KOBIETA,7
NICOL,KOBIETA,7
WIWIANA,KOBIETA,7
MARIOLA,KOBIETA,7
ERYKA,KOBIETA,7
RACHELA,KOBIETA,7
NOELIA,KOBIETA,7
GRACJA,KOBIETA,7
REBEKA,KOBIETA,7
MARGARITA,KOBIETA,7
ARIELA,KOBIETA,7
EUNIKA,KOBIETA,7
MIŁA,KOBIETA,7
SOLOMIA,KOBIETA,7
SOLOMIYA,KOBIETA,7
MELODY,KOBIETA,7
DOBROCHNA,KOBIETA,7
SOLOMIJA,KOBIETA,7
BERNADETTA,KOBIETA,7
KASANDRA,KOBIETA,7
AIDA,KOBIETA,7
GRAŻYNA,KOBIETA,7
MAIA,KOBIETA,7
ŻANETA,KOBIETA,7
ALICIA,KOBIETA,7
KATALEJA,KOBIETA,7
OFELIA,KOBIETA,7
MARIE,KOBIETA,7
MIIA,KOBIETA,7
SŁAWA,KOBIETA,7
YANA,KOBIETA,7
ZORIANA,KOBIETA,6
ALDONA,KOBIETA,6
PAMELA,KOBIETA,6
NATALIE,KOBIETA,6
LANA,KOBIETA,6
KAYLA,KOBIETA,6
CELIA,KOBIETA,6
FRANCESCA,KOBIETA,6
CHIARA,KOBIETA,6
LEAH,KOBIETA,6
NAWOJKA,KOBIETA,6
HANIA,KOBIETA,6
EMILI,KOBIETA,6
LUDWIKA,KOBIETA,6
VALERIIA,KOBIETA,6
FILOMENA,KOBIETA,6
LIANA,KOBIETA,6
SABRINA,KOBIETA,6
SOFIYA,KOBIETA,6
SOFIE,KOBIETA,6
LILLI,KOBIETA,6
LUISA,KOBIETA,6
KAMELIA,KOBIETA,6
LEIA,KOBIETA,6
KORA,KOBIETA,6
SYNTIA,KOBIETA,6
AYLIN,KOBIETA,6
JOSEPHINE,KOBIETA,6
LIYA,KOBIETA,6
YULIIA,KOBIETA,6
MALIKA,KOBIETA,6
TULIA,KOBIETA,6
ANATOLA,KOBIETA,6
JANKA,KOBIETA,6
SCARLETT,KOBIETA,5
NILA,KOBIETA,5
WIERA,KOBIETA,5
MARYAM,KOBIETA,5
ISABEL,KOBIETA,5
WERA,KOBIETA,5
INGRID,KOBIETA,5
OKSANA,KOBIETA,5
LEONIE,KOBIETA,5
ALMA,KOBIETA,5
ENOLA,KOBIETA,5
BERNADETA,KOBIETA,5
AMY,KOBIETA,5
VIVIANA,KOBIETA,5
ELA,KOBIETA,5
AVA,KOBIETA,5
ZYTA,KOBIETA,5
RAISA,KOBIETA,5
LORENA,KOBIETA,5
IVANNA,KOBIETA,5
WANESA,KOBIETA,5
LEJLA,KOBIETA,5
JESSIKA,KOBIETA,5
EKATERINA,KOBIETA,5
ŻYWIA,KOBIETA,5
PIA,KOBIETA,5
ANABELLA,KOBIETA,5
PELAGIA,KOBIETA,5
DAGNA,KOBIETA,5
MARISA,KOBIETA,5
MARTINA,KOBIETA,5
FLORIANNA,KOBIETA,5
ADELE,KOBIETA,5
LUCY,KOBIETA,5
AMELIE,KOBIETA,4
RAMONA,KOBIETA,4
NIKOLE,KOBIETA,4
IRYNA,KOBIETA,4
RONJA,KOBIETA,4
ULIANA,KOBIETA,4
NELLI,KOBIETA,4
CHANEL,KOBIETA,4
KLAUDYNA,KOBIETA,4
ANHELINA,KOBIETA,4
TEONA,KOBIETA,4
MELODIA,KOBIETA,4
GRACE,KOBIETA,4
MANUELA,KOBIETA,4
LETICIA,KOBIETA,4
LEJA,KOBIETA,4
KASJANA,KOBIETA,4
MARHARYTA,KOBIETA,4
ROSA,KOBIETA,4
CYNTIA,KOBIETA,4
ANDREA,KOBIETA,4
LARISA,KOBIETA,4
LILITH,KOBIETA,4
AMBER,KOBIETA,4
AMALIA,KOBIETA,4
MARIAM,KOBIETA,4
KATRINA,KOBIETA,4
MARYNA,KOBIETA,4
KAIA,KOBIETA,4
MAIIA,KOBIETA,4
ILARIIA,KOBIETA,4
AFINA,KOBIETA,4
IVANKA,KOBIETA,4
ANNABELLE,KOBIETA,4
SALMA,KOBIETA,4
MERCEDES,KOBIETA,4
MYROSLAVA,KOBIETA,4
ZARA,KOBIETA,4
FLAWIA,KOBIETA,4
ATENA,KOBIETA,4
ELZA,KOBIETA,4
JENNIFER,KOBIETA,4
MIKAELA,KOBIETA,4
SIENNA,KOBIETA,4
FREJA,KOBIETA,4
KARMEN,KOBIETA,4
ARYA,KOBIETA,4
LOUISE,KOBIETA,4
FRIDA,KOBIETA,4
LUANA,KOBIETA,4
VERONICA,KOBIETA,4
SORAYA,KOBIETA,4
RUTA,KOBIETA,4
AISZA,KOBIETA,4
MINH ANH,KOBIETA,4
LILLIAN,KOBIETA,4
MOLLY,KOBIETA,4
LEONA,KOBIETA,4
ALANA,KOBIETA,4
ULA,KOBIETA,4
DARINA,KOBIETA,4
NATASHA,KOBIETA,4
MELA,KOBIETA,4
CLAUDIA,KOBIETA,4
LIZA,KOBIETA,4
ELIZAVETA,KOBIETA,4
KAMILLA,KOBIETA,4
STEFANIIA,KOBIETA,4
SIMONA,KOBIETA,4
MICHAELA,KOBIETA,4
NICOLETTA,KOBIETA,4
LINA,KOBIETA,4
PATRICIA,KOBIETA,4
ANABELL,KOBIETA,4
MIRANDA,KOBIETA,4
DARIIA,KOBIETA,3
CIRILLA,KOBIETA,3
VASYLISA,KOBIETA,3
ELISE,KOBIETA,3
URSULA,KOBIETA,3
ROSALIA,KOBIETA,3
ZOEY,KOBIETA,3
ODA,KOBIETA,3
CAROLINA,KOBIETA,3
BRONISŁAWA,KOBIETA,3
FATIMA,KOBIETA,3
TESSA,KOBIETA,3
KATALEYA,KOBIETA,3
LENKA,KOBIETA,3
NIKANDRA,KOBIETA,3
TEODOZJA,KOBIETA,3
SUSANA,KOBIETA,3
SAFIYA,KOBIETA,3
PENELOPE,KOBIETA,3
HORTENSJA,KOBIETA,3
DAIANA,KOBIETA,3
FELICIA,KOBIETA,3
MARIAMI,KOBIETA,3
ANGEL,KOBIETA,3
NIA,KOBIETA,3
MIRELA,KOBIETA,3
DANA,KOBIETA,3
MAGNOLIA,KOBIETA,3
HELENE,KOBIETA,3
DEBORA,KOBIETA,3
VIOLETTA,KOBIETA,3
WIWIANNA,KOBIETA,3
RADA,KOBIETA,3
EMILIANA,KOBIETA,3
NADIIA,KOBIETA,3
DILARA,KOBIETA,3
NELI,KOBIETA,3
OCTAVIA,KOBIETA,3
CAMILA,KOBIETA,3
YASMINA,KOBIETA,3
ELEN,KOBIETA,3
ISMENA,KOBIETA,3
SAWA,KOBIETA,3
INESS,KOBIETA,3
ALISIA,KOBIETA,3
SOFI,KOBIETA,3
MILLA,KOBIETA,3
LIJA,KOBIETA,3
DĄBRÓWKA,KOBIETA,3
INÈS,KOBIETA,3
NIKOLETA,KOBIETA,3
ZŁATA,KOBIETA,3
MADLEN,KOBIETA,3
LUCIA,KOBIETA,3
MIŁOCHNA,KOBIETA,3
ELISABETTA,KOBIETA,3
NAILA,KOBIETA,3
IRMA,KOBIETA,3
EMI,KOBIETA,3
KRISTINA,KOBIETA,3
DANIELLA,KOBIETA,3
BOGDANA,KOBIETA,3
KARLA,KOBIETA,3
MARIYA,KOBIETA,3
YASMIN,KOBIETA,3
LIGIA,KOBIETA,3
WARWARA,KOBIETA,3
ANIA,KOBIETA,3
ADEL,KOBIETA,3
ARLETTA,KOBIETA,3
CZESŁAWA,KOBIETA,3
ŻAKLINA,KOBIETA,3
LATIKA,KOBIETA,3
KESJA,KOBIETA,3
ELIF,KOBIETA,3
MIKA,KOBIETA,3
ISABELLE,KOBIETA,3
MEGAN,KOBIETA,3
CHLOÉ,KOBIETA,3
ZLATOSLAVA,KOBIETA,3
ESMERALDA,KOBIETA,3
FRANKA,KOBIETA,3
ILARIA,KOBIETA,3
DALILA,KOBIETA,3
ELLEN,KOBIETA,3
MINH TRANG,KOBIETA,2
DENISE,KOBIETA,2
MIŁANA,KOBIETA,2
POLLYANNA,KOBIETA,2
WIRGINIA,KOBIETA,2
DINA,KOBIETA,2
VITALINA,KOBIETA,2
GABRIELLE,KOBIETA,2
LÉNA,KOBIETA,2
ALICA,KOBIETA,2
TEREZA,KOBIETA,2
SUSANNE,KOBIETA,2
BAYA,KOBIETA,2
DARJA,KOBIETA,2
DAMIRA,KOBIETA,2
JEWA,KOBIETA,2
TAISIIA,KOBIETA,2
IVY,KOBIETA,2
ALISHA,KOBIETA,2
RUBY,KOBIETA,2
NARIN,KOBIETA,2
CHRISTINA,KOBIETA,2
JANNA,KOBIETA,2
ALISON,KOBIETA,2
EVELYN,KOBIETA,2
SYBILLA,KOBIETA,2
MYRA,KOBIETA,2
AMARA,KOBIETA,2
SOFÍA,KOBIETA,2
MALWA,KOBIETA,2
LIWIANA,KOBIETA,2
ANASTASIYA,KOBIETA,2
THEA,KOBIETA,2
CECILIA,KOBIETA,2
NIKOLETTA,KOBIETA,2
KAILANI,KOBIETA,2
SONJA,KOBIETA,2
IRA,KOBIETA,2
IVANA,KOBIETA,2
ODETTA,KOBIETA,2
ELİF,KOBIETA,2
ASSIA,KOBIETA,2
RAFAELA,KOBIETA,2
KEIRA,KOBIETA,2
AURIKA,KOBIETA,2
ZURI,KOBIETA,2
ANNIKA,KOBIETA,2
LILLIANNA,KOBIETA,2
ALESIA,KOBIETA,2
CHRYSTYNA,KOBIETA,2
CARLOTTA,KOBIETA,2
ELIZABET,KOBIETA,2
ROŻA,KOBIETA,2
VIRGINIA,KOBIETA,2
AURA,KOBIETA,2
KALA,KOBIETA,2
WIOLETA,KOBIETA,2
SANA,KOBIETA,2
VLADYSLAVA,KOBIETA,2
NADIEŻDA,KOBIETA,2
HANIFA,KOBIETA,2
ANGELA,KOBIETA,2
SAFIA,KOBIETA,2
JELENA,KOBIETA,2
MIŁKA,KOBIETA,2
ALYONA,KOBIETA,2
ARMINA,KOBIETA,2
MARCYJANNA,KOBIETA,2
IRIS,KOBIETA,2
LÉA,KOBIETA,2
MARGOT,KOBIETA,2
SASHA,KOBIETA,2
NEILA,KOBIETA,2
TEA,KOBIETA,2
NADIYA,KOBIETA,2
ASYA,KOBIETA,2
OLIVIJA,KOBIETA,2
VALERYIA,KOBIETA,2
ORINA,KOBIETA,2
AGNES,KOBIETA,2
TETIANA,KOBIETA,2
RENA,KOBIETA,2
MARYSIA,KOBIETA,2
ARIELLA,KOBIETA,2
HELEN,KOBIETA,2
ESTHER,KOBIETA,2
TARA,KOBIETA,2
VIOLA,KOBIETA,2
CORNELIA,KOBIETA,2
SELINA,KOBIETA,2
GABIJA,KOBIETA,2
ANH THU,KOBIETA,2
ISKRA,KOBIETA,2
JAGA,KOBIETA,2
LOUISA,KOBIETA,2
VLADISLAVA,KOBIETA,2
IGNACJA,KOBIETA,2
JULIETTE,KOBIETA,2
AN DUONG,KOBIETA,2
TAMAR,KOBIETA,2
TEKLA,KOBIETA,2
AYLIS,KOBIETA,2
SAMANTHA,KOBIETA,2
MALKA,KOBIETA,2
IRELIA,KOBIETA,2
DŻESIKA,KOBIETA,2
LAURENCJA,KOBIETA,2
EMILIJA,KOBIETA,2
DAISY,KOBIETA,2
AVRORA,KOBIETA,2
OPHELIA,KOBIETA,2
ANNE-SOPHIE,KOBIETA,2
DERYA,KOBIETA,2
RILEY,KOBIETA,2
SALOME,KOBIETA,2
ZHASMIN,KOBIETA,2
DELIA,KOBIETA,2
MELEK,KOBIETA,2
ULJANA,KOBIETA,2
ROSALINE,KOBIETA,2
SAMIJA,KOBIETA,2
GABI,KOBIETA,2
MOLLIE,KOBIETA,2
ALEXIS,KOBIETA,2
FLAVIA,KOBIETA,2
OLWIA,KOBIETA,2
SUSANNA,KOBIETA,2
ALIVIA,KOBIETA,2
MIRABELLA,KOBIETA,2
SAANVI,KOBIETA,2
ELEANOR,KOBIETA,2
MARIANA,KOBIETA,2
EWANGELINA,KOBIETA,2
TOMIRA,KOBIETA,2
ASHA,KOBIETA,2
IWANKA,KOBIETA,2
RADOCHNA,KOBIETA,2
MONICA,KOBIETA,2
JOLANDA,KOBIETA,2
LEANA,KOBIETA,2
ALYSSA,KOBIETA,2
GIA HAN,KOBIETA,2
BIBIANNA,KOBIETA,2
KATRIN,KOBIETA,2
HENRYKA,KOBIETA,2
AZALIA,KOBIETA,2
CAMILLA,KOBIETA,2
JENNY,KOBIETA,2
VIVIAN,KOBIETA,2
NASTURCJA,KOBIETA,2
TIANA,KOBIETA,2
ZOI,KOBIETA,2
AIZA,KOBIETA,2
ROZALIIA,KOBIETA,2
RUT,KOBIETA,2
ADELIA,KOBIETA,2
JESIENIJA,KOBIETA,2
DŻOANA,KOBIETA,2
MIRANA,KOBIETA,2
ILA,KOBIETA,2
RITAL,KOBIETA,2
KORDELIA,KOBIETA,2
DŻASMINA,KOBIETA,2
REBECA,KOBIETA,2
TIA,KOBIETA,2
VASILISA,KOBIETA,2
EZRA,KOBIETA,2
MADISON,KOBIETA,2
LIV,KOBIETA,2
JELYZAVETA,KOBIETA,2
NAYA,KOBIETA,2
CHENXI,KOBIETA,2
ALLA,KOBIETA,2
ISABELA,KOBIETA,2
YESENIYA,KOBIETA,2
ALEYNA,KOBIETA,2
OKTAVIA,KOBIETA,2
ROXANA,KOBIETA,2
MARGO,KOBIETA,2
ELODIE,KOBIETA,2
OLHA,KOBIETA,2
AMADEA,KOBIETA,2
ROKSOLANA,KOBIETA,2
LILIIA,KOBIETA,2
NORA,KOBIETA,2
JOSEFINE,KOBIETA,2
AMELIIA,KOBIETA,2
HAILEY,KOBIETA,2
KATARINA,KOBIETA,2
NADJA,KOBIETA,2
WIESŁAWA,KOBIETA,2
GEORGIA,KOBIETA,2
NILAY,KOBIETA,2
ELVIRA,KOBIETA,2
EMA,KOBIETA,2
ALBA,KOBIETA,2
JAROSŁAWA,KOBIETA,2
AMÁLIA,KOBIETA,2
NITA,KOBIETA,2
LOTTA,KOBIETA,2
KYLIE,KOBIETA,2
MATILDE,KOBIETA,2
JESENIA,KOBIETA,2
JOY,KOBIETA,2
LYDIA,KOBIETA,2
SELA,KOBIETA,2
JAMILA,KOBIETA,2
